S. No,Songs
1,(Ghost) Riders In the Sky - Johnny Cash.mp3
2,(I Never Promised You A) Rose Garden - Lynn Anderson.mp3
3,(I'd Choose) You Again - The Forester Sisters.mp3
4,(If Loving You Is Wrong) I Don't Want To Be Right - Barbara Mandrell.mp3
5,(There's) No Gettin' Over Me - Ronnie Milsap.mp3
6,25 Minutes to Go - Johnny Cash.mp3
7,A Boy Named Sue - Johnny Cash.mp3
8,"A Good Hearted Woman - Waylon Jennings, Willie Nelson.mp3"
9,A Good Year for the Roses - George Jones.mp3
10,A Hundred and Sixty Acres - Marty Robbins.mp3
11,A Little Past Little Rock - Lee Ann Womack.mp3
12,A Mansion On the Hill - Hank Williams.mp3
13,A Picture of Me (Without You) - George Jones.mp3
14,A Satisfied Mind - Porter Wagoner.mp3
15,"A Six Pack To Go - Hank Thompson, The Brazos.mp3"
16,A Thing Called Love - Johnny Cash.mp3
17,A Wound Time Can't Erase - Stonewall Jackson.mp3
18,Abilene - George Hamilton IV.mp3
19,Achy Breaky Heart - Billy Ray Cyrus.mp3
20,Act Naturally - Buck Owens.mp3
21,All for the Love of a Girl - Johnny Horton.mp3
22,All I Have to Offer You (Is Me) - Charley Pride.mp3
23,All My Ex's Live In Texas - George Strait.mp3
24,All of Me - Willie Nelson.mp3
25,All The Gold In California - Larry Gatlin and The Gatlin Brothers.mp3
26,Almost Persuaded - David Houston.mp3
27,Alone With You - Faron Young.mp3
28,Always Late With Your Kisses - Lefty Frizzell.mp3
29,Always On My Mind - Willie Nelson.mp3
30,Always Wanting You - Merle Haggard & The Strangers.mp3
31,Am I Losing You - Jim Reeves.mp3
32,Amanda - Don Williams.mp3
33,Amarillo By Morning - George Strait.mp3
34,Angel Flying Too Close to the Ground - Willie Nelson.mp3
35,Angel In Disguise - Earl Thomas Conley.mp3
36,Angels Love Bad Men - The Highwaymen.mp3
37,Any Day Now - Ronnie Milsap.mp3
38,Apartment No. 9 - Tammy Wynette.mp3
39,Are The Good Times Really Over (I Wish A Buck Was Still Silver) - Merle Haggard.mp3
40,Are You Sure Hank Done It This Way - Waylon Jennings.mp3
41,Baby's Got Her Blue Jeans On - Mel McDaniel.mp3
42,Baby's Gotten Good At Goodbye - George Strait.mp3
43,Back Home Again - John Denver.mp3
44,Back In Baby's Arms - Patsy Cline.mp3
45,Back In the Saddle Again - Gene Autry.mp3
46,Ballad Of Forty Dollars - Tom T. Hall.mp3
47,Battle Of New Orleans - Johnny Horton.mp3
48,"Because Of You - Reba McEntire, Kelly Clarkson.mp3"
49,Before He Cheats - Carrie Underwood.mp3
50,Before the Next Teardrop Falls - Freddy Fender.mp3
51,Behind Closed Doors - Charlie Rich.mp3
52,Best of Intentions - Travis Tritt.mp3
53,Better Man - Little Big Town.mp3
54,Big Bad John - Jimmy Dean.mp3
55,Big City - Merle Haggard.mp3
56,Big Iron - Marty Robbins.mp3
57,Big River - Johnny Cash.mp3
58,Big River - The Highwaymen.mp3
59,Blame It on Your Heart - Patty Loveless.mp3
60,Blanket On The Ground - Billie Jo Spears.mp3
61,Blown Away - Carrie Underwood.mp3
62,Blue Ain't Your Color - Keith Urban.mp3
63,Blue Blue Day - Don Gibson.mp3
64,Blue Boy - Jim Reeves.mp3
65,Blue Eyes Crying In The Rain - Floyd Burton.mp3
66,Blue Eyes Crying In the Rain - Willie Nelson.mp3
67,Blue Kentucky Girl - Loretta Lynn.mp3
68,Blue Moon of Kentucky - Bill Monroe.mp3
69,Blue Skies - Willie Nelson.mp3
70,Blues Stay Away From Me - The Delmore Brothers.mp3
71,Born Country - Alabama.mp3
72,Bouquet of Roses - Eddy Arnold.mp3
73,Brand New Man - Brooks & Dunn.mp3
74,Branded Man - Merle Haggard.mp3
75,Breathe - Faith Hill.mp3
76,Broken Hearted Me - Anne Murray.mp3
77,But You Know I Love You - Dolly Parton.mp3
78,Cadillac Style - Sammy Kershaw.mp3
79,Carried Away - George Strait.mp3
80,Carrying Your Love With Me - George Strait.mp3
81,Cattle Call - Eddy Arnold.mp3
82,Charlie's Shoes - Billy Walker.mp3
83,Chattahoochee - Alan Jackson.mp3
84,Chattanoogie Shoe Shine Boy - Red Foley.mp3
85,Check Yes Or No - George Strait.mp3
86,Cherokee Fiddle - Johnny Lee.mp3
87,Chiseled In Stone - Vern Gosdin.mp3
88,Chug a Lug - Roger Miller.mp3
89,Church Bells - Carrie Underwood.mp3
90,Cigarettes and Coffee Blues - Lefty Frizell.mp3
91,City Light - Ray Price.mp3
92,City of New Orleans - Willie Nelson.mp3
93,Coal Miner's Daughter - Loretta Lynn.mp3
94,Coat of Many Colors - Dolly Parton.mp3
95,Cocaine Blues - JOHNNY CASH.mp3
96,Cold Cold Heart - Hank Williams.mp3
97,Consider Me Gone - Reba McEntire.mp3
98,Convoy - C. W. McCall.mp3
99,Cool Water - Marty Robbins.mp3
100,Cool Water - Sons of the Pioneers.mp3
101,Could've Been Me - Billy Ray Cyrus.mp3
102,Country Bumpkin - Cal Smith.mp3
103,Country Sunshine - Dottie West.mp3
104,Coward Of The County - Kenny Rogers.mp3
105,Crazy - Patsy Cline.mp3
106,Crazy - Willie Nelson.mp3
107,Crazy Arms - Ray Price.mp3
108,Cryin' Time - Buck Owens & His Buckaroos.mp3
109,Crystal Chandeliers - Charley Pride.mp3
110,D-I-V-O-R-C-E - Tammy Wynette.mp3
111,Daddy Frank (The Guitar Man) - Merle Haggard.mp3
112,Daddy Sang Bass - Johnny Cash.mp3
113,Daddy's Hands - Holly Dunn.mp3
114,Dang Me - Roger Miller.mp3
115,Daydreams About Night Things - Ronnie Milsap.mp3
116,Deep In The Heart Of Texas - Gene Autry.mp3
117,Deep In The Heart Of Texas - Moe Bandy.mp3
118,Deeper Than the Holler - Randy Travis.mp3
119,Delta Dawn - Tanya Tucker.mp3
120,Desperados Waiting for a Train - The Highwaymen.mp3
121,Detroit City - Bobby Bare Detroit.mp3
122,Devil Woman - Marty Robbins.mp3
123,Diggin' Up Bones - Randy Travis.mp3
124,Distant drums - Jim Reeves.mp3
125,Dixieland Delight - Alabama.mp3
126,Do You Believe Me Now - Vern Gosdin.mp3
127,Do You Wanna Go to Heaven - T.G. Sheppard.mp3
128,Do-Wacka-Do - Roger Miller.mp3
129,Does Fort Worth Ever Cross Your Mind - George Strait.mp3
130,Does He Love You ft. Linda Davis - Reba McEntire.mp3
131,Don't Be Angry - Donna Fargo.mp3
132,Don't Be Angry - Stonewall Jackson.mp3
133,Don't Close Your Eyes - Keith Whitley.mp3
134,Don't Come Home A'Drinkin' (With Lovin' On Your Mind) - Loretta Lynn.mp3
135,"Don't Cry Joni - Conway Twitty, Joni Twitty.mp3"
136,Don't Go Near The Water - Sammy Kershaw.mp3
137,Don't It Make My Brown Eyes Blue - Crystal Gayle.mp3
138,Don't Let Me Cross Over - Carl Butler.mp3
139,Don't Take It Away - Conway Twitty.mp3
140,Don't Take Your Guns To Town - Johnny Cash.mp3
141,Don't the Girls All Get Prettier at Closing Time - Mickey Gilley.mp3
142,Don't You Think This Outlaw Bit's Done Got out of Hand - Waylon Jennings.mp3
143,Dont dream its over Paul Young .mp3
144,Drinking Alone - Carrie Underwood.mp3
145,Drive (For Daddy Gene) - Alan Jackson.mp3
146,Drivin' My Life Away - Eddie Rabbitt.mp3
147,East Bound and Down - Jerry Reed.mp3
148,"Easy Come, Easy Go - George Strait.mp3"
149,El Paso City - Marty Robbins.mp3
150,Elvira - The Oak Ridge Boys.mp3
151,Empty Arms - Sonny James.mp3
152,England Swings - Roger Miller.mp3
153,EVERY TIME YOU GO AWAY . PAUL YOUNG.mp3
154,Everybody Wants to Rule the World Tears for Fears- .mp3
155,Everywhere - Tim McGraw.mp3
156,Except for Monday - Lorrie Morgan.mp3
157,Faded Love - Patsy Cline.mp3
158,Family Tradition - Hank Williams Jr..mp3
159,Family Tree - Loretta Lynn.mp3
160,Fancy - Reba McEntire.mp3
161,Farewell Party - Gene Watson.mp3
162,Feels So Right - Alabama.mp3
163,Fist City - Loretta Lynn.mp3
164,Five Minutes - Lorrie Morgan.mp3
165,Flowers on the Wall - The Statler Brothers.mp3
166,Folsom Prison Blues - Johnny Cash.mp3
167,Fool Hearted Memory - George Strait.mp3
168,For the Good Times - Ray Price.mp3
169,"Forever and Ever, Amen - Randy Travis.mp3"
170,Four Walls - Jim Reeves.mp3
171,Fourteen Carat Mind - Gene Watson.mp3
172,Frankie and Johnny - Jimmie Rodgers.mp3
173,Friday Night Blues - John Conlee.mp3
174,Friends in low places - Garth Brooks.mp3
175,From a Jack to a King - Ned Miller.mp3
176,From A Jack To A King - Ricky Van Shelton.mp3
177,Funny Face - Donna Fargo.mp3
178,Funny How Time Slips Away - Billy Walker.mp3
179,Funny How Time Slips Away - Willie Nelson.mp3
180,Galveston - Glen Campbell.mp3
181,Geisha Girl - Hank Locklin.mp3
182,Gentle On My Mind - Glen Campbell.mp3
183,Georgia On My Mind - Willie Nelson.mp3
184,Get Rhythm - Johnny Cash.mp3
185,Give My Love to Rose - JOHNNY CASH.mp3
186,God Makes No Mistakes - Loretta Lynn.mp3
187,God Whispered Your Name - Keith Urban.mp3
188,God's Country - Blake Shelton.mp3
189,Goin' Steady - Faron Young.mp3
190,"Golden Ring - George Jones, Tammy Wynette.mp3"
191,Gone - Ferlin Husky.mp3
192,Good Hearted Woman - Waylon Jennings.mp3
193,Good Hearted Woman - Willie Nelson.mp3
194,Good Ole Boys Like Me - Don Williams.mp3
195,Great Speckled Bird - Roy Acuff.mp3
196,Green Green Grass of Home - Porter Wagoner.mp3
197,Guess Things Happen That Way - Johnny Cash.mp3
198,Guitar Man - Jerry Reed.mp3
199,"Guitars, Cadillacs - Dwight Yoakam.mp3"
200,H.O.L.Y. - Florida Georgia Line.mp3
201,Hangover Heart - Hank Thompson.mp3
202,Happy Birthday Dear Heartache - Barbara Mandrell.mp3
203,Hard Rock Bottom of Your Heart - Randy Travis.mp3
204,Harper Valley P.T.A. - Jeannie C. Riley.mp3
205,Have I Told You Lately That I Love You_  - Stonewall Jackson.mp3
206,Have You Ever Really Loved A Woman-Bryan Adams - .mp3
207,He Gets That From Me - Reba McEntire.mp3
208,He Stopped Loving Her Today - George Jones.mp3
209,He'll Have to Go - Jim Reeves.mp3
210,Heartaches - Patsy Cline.mp3
211,Heartaches By the Number - Ray Price.mp3
212,Heartbreak USA - Kitty Wells.mp3
213,Heaven's Just A Sin Away - The Kendalls.mp3
214,Hello Darlin' - Conway Twitty.mp3
215,Hello Trouble - Buck Owens.mp3
216,Hello Walls - Faron Young.mp3
217,Help Me Make It Through the Night - Kris Kristofferson.mp3
218,Help Me Make It Through The Night - Sammi Smith.mp3
219,Here You Come Again - Dolly Parton.mp3
220,Hey Joe - Carl Smith.mp3
221,Hey! Porter - Johnny Cash.mp3
222,"Hey, Good Lookin' - Hank Williams.mp3"
223,High Cotton - Alabama.mp3
224,High Noon - Tex Ritter.mp3
225,High On A Mountain Top - Loretta Lynn.mp3
226,Highwayman - The Highwaymen.mp3
227,Holding Her and Loving You - Earl Thomas Conley.mp3
228,Home of the Blues - Johnny Cash.mp3
229,Homecoming - Tom T. Hall.mp3
230,Honky Tonk Blues - Hank Williams.mp3
231,Honky Tonk Man - Johnny Horton.mp3
232,Honky Tonkin_ - Hank Williams.mp3
233,How Great Thou Art - Connie Smith.mp3
234,Howlin' At The Moon - Hank Williams.mp3
235,Humble And Kind - Tim McGraw.mp3
236,Hungry Eyes - Merle Haggard.mp3
237,Hurt - Johnny Cash.mp3
238,I Ain't Never - Mel Tillis.mp3
239,I Ain't Never - Webb Pierce.mp3
240,I Believe In You - Don Williams.mp3
241,I Can Still Make Cheyenne - George Strait.mp3
242,I Can't Stop Loving You - Conway Twitty.mp3
243,I Can't Stop Loving You - Don Gibson.mp3
244,I Can't Stop Loving You - Kitty Wells.mp3
245,I Cast a Lonesome Shadow - Hank Thompson.mp3
246,I Do (Cherish You) - Mark Wills.mp3
247,I Don't Hurt Anymore - Hank Snow.mp3
248,I Don't Wanna Play House - Tammy Wynette.mp3
249,I Fall to Pieces - Patsy Cline.mp3
250,I Got Stripes - Johnny Cash.mp3
251,I Heard That Lonesome Whistle - Hank Williams.mp3
252,I Hope You Dance - Lee Ann Womack.mp3
253,I Just Called To Say I Love You Stevie Wonder .mp3
254,I Like Beer - Tom T. Hall.mp3
255,I Love - Tom T. Hall.mp3
256,I Love a Rainy Night - Eddie Rabbitt.mp3
257,I Love You Because - Jim Reeves.mp3
258,I Loved 'Em Every One - T.G. Sheppard.mp3
259,I May Hate Myself In The Morning - Lee Ann Womack.mp3
260,I Overlooked an Orchid - Carl Smith.mp3
261,I Overlooked an Orchid - Mickey Gilley.mp3
262,I Recall A Gypsy Woman - Don Williams.mp3
263,I Saw The Light - Hank Willams.mp3
264,I See The Want In Your Eyes - Conway Twitty.mp3
265,I Still Miss Someone - Johnny Cash.mp3
266,I Swear - John Michael Montgomery.mp3
267,I Think I'll Just Stay Here And Drink - Merle Haggard.mp3
268,I Walk Alone - Marty Robbins.mp3
269,I Walk the Line - Johnny Cash.mp3
270,I Want To Be With You Always - Lefty Frizzell.mp3
271,I Will Always Love You - Dolly Parton.mp3
272,I Wouldn't Have Missed It For The World - Ronnie Milsap.mp3
273,I'd  Love To Lay You Down - Conway Twitty.mp3
274,I'll Hold You in My Heart Till I Can Hold You in My Arms - Eddy Arnold.mp3
275,I'll Leave This World Loving You - Ricky Van Shelton.mp3
276,I'll Never Find Another You - Sonny James.mp3
277,I'll Never Get Out Of This World Alive - Hank Williams.mp3
278,I'll Ride Back To Lonesome Valley - Hank Snow.mp3
279,I'm a Lonesome Fugitive - Merle Haggard.mp3
280,I'm a One Woman Man - George Jones.mp3
281,I'm a Ramblin' Man - Waylon Jennings.mp3
282,I'm Gonna Miss Her - Brad Paisley.mp3
283,I'm in a Hurry (And Don't Know Why) - Alabama.mp3
284,I'm Just a Country Boy - Don Williams.mp3
285,I'm Just Me - Charley Pride.mp3
286,I'm Movin' On - Hank Snow.mp3
287,I'm Not Through Loving You Yet - Conway Twitty.mp3
288,I'm so Lonesome I Could Cry - Hank Williams.mp3
289,I'm the Only Hell (Mama Ever Raised) - Johnny Paycheck.mp3
290,I've Already Loved You In My Mind - Conway Twitty.mp3
291,I've Been Everywhere - Hank Snow.mp3
292,I've Cried My Last Tear For You - Ricky Van Shelton.mp3
293,I've Got a Tiger by the Tail - Buck Owens.mp3
294,If Drinkin' Don't Kill Me (Her Memory Will) - George Jones.mp3
295,If I Could Only Fly - Merle Haggard & Willie Nelson.mp3
296,If I Didn't Have You - Randy Travis.mp3
297,If Teardrops Were Pennies - Carl Smith.mp3
298,"If Teardrops Were Pennies - Porter Wagoner, Dolly Parton.mp3"
299,If Tomorrow Never Comes - Brooks Jefferson.mp3
300,If Tomorrow Never Comes - Garth Brooks.mp3
301,If We Make It Through December - Merle Haggard.mp3
302,If We're Not Back In Love By Monday - Merle Haggard.mp3
303,If You Ain't Lovin' (You Ain't Livin') - Faron Young.mp3
304,If You Don't Know Me By Now (Official Video)Simply Red - .mp3
305,If You're Gonna Play in Texas (You Gotta Have a Fiddle in the Band) - Alabama.mp3
306,"If You've Got the Money, I've Got the Time - Willie Nelson.mp3"
307,If Your Heart Ain't Busy Tonight - Tanya Tucker.mp3
308,In The Heart Of A Woman - Billy Ray Cyrus.mp3
309,In the Jailhouse Now - Jimmie Rodgers.mp3
310,In the Jailhouse Now - Webb Pierce.mp3
311,Indian Love Call - Slim Whitman.mp3
312,Invitation to the Blues - Ray Price.mp3
313,Is Anybody Goin' to San Antone - Charley Pride.mp3
314,"Is It Too Late Now_ - Lester Flatt, Earl Scruggs, The Foggy Mountain Boys.mp3"
315,Islands In The Stream - Kenny Rogers.mp3
316,It Matters To Me - Faith Hill.mp3
317,It Must Be Love - Don Williams.mp3
318,It Must Have Been Love (Official Music Video)Roxette - .mp3
319,It Was Almost Like A Song - Ronnie Milsap.mp3
320,It Wasn't God Who Made Honky Tonk Angels - Kitty Wells.mp3
321,It's A Great Day To Be Alive - Travis Tritt.mp3
322,It's Four in the Morning - Faron Young.mp3
323,It's Only Make Believe - Conway Twitty.mp3
324,It's Such A Pretty World Today - Wynn Stewart.mp3
325,It's Your Love - Tim McGraw.mp3
326,I´m Moving On - Hank Snow.mp3
327,"Jackson - Johnny Cash, June Carter.mp3"
328,Jackson - Johnny Cash.mp3
329,Jambalaya on the Bayou - Hank Williams.mp3
330,"Jesus, Take The Wheel - Carrie Underwood.mp3"
331,Johnny Reb - Johnny Horton.mp3
332,Jolene - Dolly Parton.mp3
333,Just Between You and Me - Charley Pride.mp3
334,Just One Time - Connie Smith.mp3
335,"Just to Satisfy You - Waylon Jennings, Willie Nelson.mp3"
336,Just to Satisfy You - Waylon Jennings.mp3
337,Kansas City Star - Roger Miller.mp3
338,Kaw Liga - Hank Williams.mp3
339,Keep It Between The Lines - Ricky Van Shelton.mp3
340,Keep On the Sunny Side - June Carter Cash.mp3
341,Killin' Time - Clint Black.mp3
342,King of the Road - Roger Miller.mp3
343,Kiss an Angel Good Mornin' - Charley Pride.mp3
344,Kisses Sweeter Than Wine - Jimmie Rodgers.mp3
345,Lady - Kenny Rogers.mp3
346,LADY Lionel Richie- .mp3
347,Last Call - Lee Ann Womack.mp3
348,Leavin' on Your Mind - Patsy Cline.mp3
349,Let Old Mother Nature Have Her Way - Carl Smith.mp3
350,Let Your Love Flow - The Bellamy Brothers.mp3
351,Let's Live a Little - Carl Smith.mp3
352,Life Turned Her That Way - Ricky Van Shelton.mp3
353,Linda On My Mind - Conway Twitty.mp3
354,Little Bitty - Alan Jackson.mp3
355,Little Moments - Brad Paisley.mp3
356,Little White Church - Little Big Town.mp3
357,"Live Fast, Love Hard, Die Young - Faron Young.mp3"
358,Living Proof - Hank Williams Jr..mp3
359,Lonely Blue Boy - Conway Twitty.mp3
360,Lonesome Blue Yodel - Hank Snow.mp3
361,Lonesome Number One - Don Gibson.mp3
362,Long Black Veil - Lefty Frizzell.mp3
363,Long Gone Lonesome Blues - Hank Williams.mp3
364,Long Haired Country Boy - The Charlie Daniels Band.mp3
365,Lookin' for Love - Johnny Lee.mp3
366,Loose Talk - Carl Smith.mp3
367,"Lord, I Hope This Day Is Good - Don Williams.mp3"
368,Lost Her Love On Our Last Date - Conway Twitty.mp3
369,Lost Highway - Hank Williams.mp3
370,Louisiana Saturday Night - Mel McDaniel.mp3
371,"Louisiana Woman, Mississippi Man - Conway Twitty, Loretta Lynn.mp3"
372,Love Me Like You Used To - Tanya Tucker.mp3
373,Love's Gonna Live Here - Buck Owens.mp3
374,Lovesick Blues - Hank Williams.mp3
375,Loving Her Was Easier (Than Anything I'll Ever Do Again) - Kris Kristofferson.mp3
376,Lucille - Kenny Rogers.mp3
377,"Luckenbach, Texas (Back to the Basics of Love) - Waylon Jennings.mp3"
378,Make the World Go Away - Eddy Arnold.mp3
379,Make the World Go Away - Ray Price.mp3
380,Making Believe - Kitty Wells.mp3
381,Making Memories Of Us - Keith Urban.mp3
382,Mama Don't Let Your Babies Grow Up to Be Cowboys - Merle Haggard.mp3
383,Mama He's Crazy - Party Tyme Karaoke.mp3
384,Mama Sang A Song - Bill Anderson.mp3
385,Mama Tried - Merle Haggard.mp3
386,Mama Tried - Randy Travis.mp3
387,Man in Black - Johnny Cash.mp3
388,Marie Lavaux - Bobby Bare.mp3
389,Me and Bobby McGee - Kris Kristofferson.mp3
390,Me and You and a Dog Named Boo - Stonewall Jackson.mp3
391,Meet In the Middle - Diamond Rio.mp3
392,Michael - The Highwaymen.mp3
393,Michael Bolton & Kenny G - Missing you now.mp3
394,Miles Away From Home - Bobby Bare.mp3
395,Misery Loves Company - Porter Wagoner.mp3
396,Moanin' the Blues - Hank Williams.mp3
397,More and More - Webb Pierce.mp3
398,More Than Words (Official Video) Extreme - .mp3
399,Mountain of Love - Charley Pride.mp3
400,Move It on Over - Hank Williams.mp3
401,Much Too Young To Feel This Damn Old - Garth Brooks.mp3
402,"My Elusive Dreams - David Houston, Tammy Wynette.mp3"
403,"My Elusive Dreams - George Jones, Tammy Wynette.mp3"
404,My Favorite Memory - Merle Haggard.mp3
405,My Heart Skips a Beat - Buck Owens & His Buckaroos.mp3
406,My Heart Would Know - Hank Williams.mp3
407,My Heroes Have Always Been Cowboys - Willie Nelson.mp3
408,My little girl - Tim McGraw.mp3
409,My Maria - Brooks & Dunn.mp3
410,My Shoes Keep Walking Back To You - Ray Price.mp3
411,My Tennessee Mountain Home - Dolly Parton.mp3
412,"My Woman, My Woman, My Wife - Marty Robbins.mp3"
413,Never No More - Patsy Cline.mp3
414,Next In Line - Conway Twitty.mp3
415,"Next to You, Next to Me - Shenandoah.mp3"
416,Ninety Miles an Hour (Down a Dead End Street) - Hank Snow.mp3
417,Nobody Falls Like a Fool - Earl Thomas Conley.mp3
418,Nobody's Lonesome For Me - Hank Williams.mp3
419,North to Alaska - Johnny Horton.mp3
420,Nothing Gonna Change My Love For You.mp3
421,Now and forever -  Richard Marx.mp3
422,Ocean Front Property - George Strait.mp3
423,Oh Lonesome Me - Don Gibson.mp3
424,Okie From Muskogee - Merle Haggard.mp3
425,"Old Dogs, Children And Watermelon Wine - Tom T. Hall.mp3"
426,Old Violin - Johnny Paycheck.mp3
427,On the Other Hand - Randy Travis.mp3
428,On the Road Again - Willie Nelson.mp3
429,Once a Day - Connie Smith.mp3
430,Once In a Blue Moon - Earl Thomas Conley.mp3
431,One Piece at a Time - Johnny Cash.mp3
432,One's On The Way - Loretta Lynn.mp3
433,Only Daddy That'll Walk the Line - Waylon Jennings.mp3
434,Only One You - T.G. Sheppard.mp3
435,Orange Blossom Special - Johnny Cash.mp3
436,Paint Me A Birmingham - Tracy Lawrence.mp3
437,Pan American - Hank Williams.mp3
438,Pancho And Lefty - Merle Haggard.mp3
439,"Pancho and Lefty - Willie Nelson, Merle Haggard.mp3"
440,Papa Loved Mama - Garth Brooks.mp3
441,Phantom 309 - Ferlin Husky.mp3
442,Phantom 309 - Red Sovine.mp3
443,Pick Me Up On Your Way Down - Floyd Burton.mp3
444,Please Forgive Me (Official Music Video)Bryan Adams - .mp3
445,Please Help Me I'm Falling - Hank Locklin.mp3
446,Please Remember Me - Tim McGraw.mp3
447,Po' Folks - Bill Anderson.mp3
448,Pop a Top - Jim Ed Brown.mp3
449,Rainy Day Woman - Waylon Jennings.mp3
450,Ramblin' Man - Hank Williams.mp3
451,Ravishing Ruby - Tom T. Hall.mp3
452,Rawhide - Frankie Laine.mp3
453,"Ready, Set, Don't Go - Billy Ray Cyrus.mp3"
454,Red River Valley - Gene Autry.mp3
455,Release Me - Ray Price And The Cherokee.mp3
456,Remind Me ft. Carrie Underwood - Brad Paisley.mp3
457,Reuben James - Kenny Rogers.mp3
458,Rhinestone Cowboy - Glen Campbell.mp3
459,Ribbon of Darkness - Connie Smith.mp3
460,Riders in the Sky (Ghost) (Ghost) - Marty Robbins.mp3
461,Ring of Fire - Johnny Cash.mp3
462,Rocky Mountain High - John Denver.mp3
463,Roll On (Eighteen Wheeler) - Alabama.mp3
464,Romeo - Dolly Parton ft. Billy Ray Cyrus.mp3
465,Room Full Of Roses - George Morgan.mp3
466,Room Full of Roses - Mickey Gilley.mp3
467,Rose Colored Glasses - John Conlee.mp3
468,Rose Garden - Lynn Anderson.mp3
469,Round Here - Florida Georgia Line.mp3
470,Ruby Don't Take Your Love To Town - Kenny Rogers.mp3
471,Running Gun - Marty Robbins.mp3
472,Rye Whiskey - Tex Ritter.mp3
473,"Saginaw, Michigan - Lefty Frizzell.mp3"
474,San Antonio Stroll - Tanya Tucker.mp3
475,Satin Sheets - Jeanne Pruett.mp3
476,Say you say me lionel richie-.mp3
477,Sea of Heartbreak - Don Gibson.mp3
478,Searching (For Someone Like You) - Kitty Wells.mp3
479,Seminole Wind - John Anderson.mp3
480,Send Me the Pillow You Dream On - Hank Locklin.mp3
481,Set _Em Up Joe - Vern Gosdin.mp3
482,Settin' the Woods On Fire - Hank Williams.mp3
483,She Believes In Me - Kenny Rogers.mp3
484,She Don't Know She's Beautiful - Sammy Kershaw.mp3
485,She Got the Goldmine (I Got the Shaft) - Jerry Reed.mp3
486,She Keeps the Home Fires Burning - The Lawmen.mp3
487,She Thinks I Still Care - George Jones.mp3
488,She'll Leave You With A Smile - George Strait.mp3
489,She's All I Got - Johnny Paycheck.mp3
490,She's Everything - Brad Paisley.mp3
491,She's Got You - Loretta Lynn.mp3
492,She's My Kind of Rain - Tim McGraw.mp3
493,She's My Rock - George Jones.mp3
494,She's Not Cryin Anymore - Billy Ray Cyrus.mp3
495,She’s Got You - Patsy Cline.mp3
496,"Shine, Shave, Shower (It's Saturday) - Lefty Frizzell.mp3"
497,Silver Wings - Merle Haggard.mp3
498,Sing Me Back Home - Merle Haggard.mp3
499,Singing My Song - Tammy Wynette.mp3
500,Singing the Blues - Marty Robbins.mp3
501,Sink The Bismarck - Johnny Horton.mp3
502,Six Days on the Road - Dave Dudley.mp3
503,Sixteen Tons - Tennessee Ernie Ford.mp3
504,Skid Row Joe - Porter Wagoner.mp3
505,Skip A Rope - Henson Cargill.mp3
506,Slide Off Of Your Satin - Johnny Paycheck.mp3
507,Slow Hand - Conway Twitty.mp3
508,Slowly - Webb Pierce.mp3
509,Smoke Along The Track - Stonewall Jackson.mp3
510,Smoky Mountain Rain - Ronnie Milsap.mp3
511,Sneaky Snake - Tom T. Hall.mp3
512,Snowbird - Anne Murray.mp3
513,So Wrong - Patsy Cline.mp3
514,Soldier's Last Letter - Ernest Tubb.mp3
515,Some Broken Hearts Never Mend - Don Williams.mp3
516,Some Gave All - Billy Ray Cyrus.mp3
517,Somebody Lied - Ricky Van Shelton.mp3
518,Somebody Like You - Keith Urban.mp3
519,"Someone I Used To Know - Tammy Wynette, George Jones.mp3"
520,Someone Loves You Honey - Charley Pride.mp3
521,Someone To Give My Love To - Johnny Paycheck.mp3
522,Something Worth Leaving Behind - Lee Ann Womack.mp3
523,Somewhere Between Right and Wrong - Earl Thomas Conley.mp3
524,Song of the South - Alabama.mp3
525,Sonny James - Since I Met You Baby my-free-mp3s.com .mp3
526,Sorry Seems To Be The Hardest Word Elton John - - 1976.mp3
527,Stand By Your Man - Tammy Wynette.mp3
528,Stardust - Willie Nelson.mp3
529,Statue of a Fool - Jack Greene.mp3
530,Statue Of A Fool - Ricky Van Shelton.mp3
531,Stay - Florida Georgia Line.mp3
532,Still - Bill Anderson.mp3
533,Stoned At The Jukebox - Hank Williams Jr..mp3
534,Straight From The HeartBryan Adams - .mp3
535,Straight Tequila Night - John Anderson.mp3
536,Stranger In My House - Ronnie Milsap.mp3
537,Strong Enough To Bend - Tanya Tucker.mp3
538,Sunday Mornin' Comin' Down - Kris Kristofferson.mp3
539,Sunday Morning Coming Down - Johnny Cash.mp3
540,Suspicious Minds - Waylon Jennings.mp3
541,Sweet Dreams - Faron Young.mp3
542,Sweet Dreams - Patsy Cline.mp3
543,Swingin' - John Anderson.mp3
544,Swinging Doors - Merle Haggard.mp3
545,"Take It to the Limit - Willie Nelson, Waylon Jennings.mp3"
546,"Take Me Home, Country Roads - John Denver.mp3"
547,Take These Chains From My Heart - Hank Williams.mp3
548,Take This Job and Shove It - Johnny Paycheck.mp3
549,Talking In Your Sleep - Crystal Gayle.mp3
550,Teddy Bear Song - Barbara Fairchild.mp3
551,Teenage Boogie - Webb Pierce.mp3
552,Tender Years - George Jones.mp3
553,Tennessee River - Alabama.mp3
554,Tennessee Saturday Night - Red Foley.mp3
555,Tennessee Waltz - Roy Acuff.mp3
556,Tennessee Whiskey - David Allan Coe.mp3
557,That's My Job - Conway Twitty.mp3
558,That's the Way Love Goes - Merle Haggard.mp3
559,The Auctioneer - Leroy Van Dyke.mp3
560,The Battle Of New Orleans - Johnny Horton.mp3
561,The Beast In Me - Johnny Cash.mp3
562,The Blizzard - Jim Reeves.mp3
563,The Bluest Eyes In Texas - Restless Heart.mp3
564,The Bottle Let Me Down - Merle Haggard.mp3
565,The Carroll County Accident - Porter Wagoner.mp3
566,The Chair - George Strait.mp3
567,The Closer You Get - Alabama.mp3
568,The Cold Hard Facts of Life - Porter Wagoner.mp3
569,The Dance (With) - Garth Brooks.mp3
570,The Devil Went Down to Georgia - Charlie Daniels.mp3
571,The Devil Went Down to Georgia - The Charlie Daniels Band.mp3
572,The End of the World - Skeeter Davis.mp3
573,The Fightin' Side of Me - Merle Haggard.mp3
574,The Gambler - Kenny Rogers.mp3
575,The Girl On The Billboard - Del Reeves.mp3
576,The Grand Tour - George Jones.mp3
577,The Hanging Tree - Marty Robbins.mp3
578,The Happiest Girl In The Whole U.S.A. - Donna Fargo.mp3
579,The Hurtin's All Over - Connie Smith.mp3
580,The Long Black Veil - Johnny Cash.mp3
581,The Man Comes Around - Johnny Cash.mp3
582,The Man That Turned My Mama On - Tanya Tucker.mp3
583,The Mansion You Stole - Johnny Horton.mp3
584,The Master's Call - Marty Robbins.mp3
585,The Most Beautiful Girl - Charlie Rich.mp3
586,The Most Beautiful Girl in the World - Charlie Rich.mp3
587,The Night The Lights Went Out In Georgia - Reba McEntire.mp3
588,The Race Is On - George Jones.mp3
589,The Rebel Johnny Yuma - Johnny Cash.mp3
590,The Ride - David Allan Coe.mp3
591,The Right Left Hand - George Jones.mp3
592,The Strawberry Roan - Marty Robbins.mp3
593,The Streets of Baltimore - Bobby Bare.mp3
594,The Taker - Waylon Jennings.mp3
595,The Texas Cowboy - Hank Snow.mp3
596,The Thunder Rolls - Garth Brooks.mp3
597,The Wall - Johnny Cash.mp3
598,The Wild Side Of Life - Hank Thompson.mp3
599,The Winner - Bobby Bare.mp3
600,The Year That Clayton Delaney Died - Tom T. Hall.mp3
601,Theme from _The Dukes of Hazzard_ (Good Ol' Boys) - Waylon Jennings.mp3
602,Then You Can Tell Me Goodbye - Eddy Arnold.mp3
603,There Goes My Everything - Jack Greene.mp3
604,There Stands The Glass - Webb Pierce.mp3
605,There You'll Be - Faith Hill.mp3
606,They're Hanging Me Tonight - Marty Robbins.mp3
607,Things to Talk About - Stonewall Jackson.mp3
608,This Old House - Crista Lynn.mp3
609,This Time - Waylon Jennings.mp3
610,Through The Years - Kenny Rogers.mp3
611,Tight Fittin' Jeans - Conway Twitty.mp3
612,Til I Can Make It on My Own - Tammy Wynette.mp3
613,Till the Rivers All Run Dry - Don Williams.mp3
614,Time Marches On - Tracy Lawrence.mp3
615,Today I Started Loving You Again - Merle Haggard.mp3
616,Together Again - Buck Owens.mp3
617,Too Cold At Home - Mark Chesnutt.mp3
618,Touch the Hand - Conway Twitty.mp3
619,Trail Of Tears - Billy Ray Cyrus.mp3
620,Trouble on the Line - Loretta Lynn.mp3
621,Tulsa Time - Don Williams.mp3
622,Tumbling Tumbleweeds - Sons of the Pioneers.mp3
623,Turn On The Radio - Reba McEntire.mp3
624,Two Sparrows In A Hurricane - Tanya Tucker.mp3
625,"Two Story House - George Jones, Tammy Wynette.mp3"
626,Unanswered Prayers - Garth Brooks.mp3
627,Under Your Spell Again - Buck Owens & The Buckaroos.mp3
628,Understand Your Man - Johnny Cash.mp3
629,Utah Carol - Marty Robbins.mp3
630,Wabash Cannon Ball - Roy Acuff.mp3
631,Wabash Cannonball - Roy Acuff.mp3
632,Waitin' On A Woman - Brad Paisley.mp3
633,Waiting for a Train - Jimmie Rodgers.mp3
634,Walk on By - Leroy Van Dyke.mp3
635,Walk Through This World With Me - George Jones.mp3
636,Walkin After Midnight - Patsy Cline.mp3
637,Walking the Floor Over You - Ernest Tubb.mp3
638,Waltz Across Texas - Ernest Tubb.mp3
639,Wanted Man - Johnny Cash.mp3
640,Wasted Days and Wasted Nights - Freddy Fender.mp3
641,Waterloo - Stonewall Jackson.mp3
642,We Are The World (w M.Jackson) USA for Africa - .mp3
643,We've Got Tonight Kenny Rogers & Sheena Easton .mp3
644,Welcome to My World - Jim Reeves.mp3
645,What A Difference You've Made In My Life - Ronnie Milsap.mp3
646,What About Now - Lonestar.mp3
647,What Do You Say - Reba McEntire.mp3
648,What Locks the Door - Jack Greene.mp3
649,What Part of No - Lorrie Morgan.mp3
650,What She's Doing Now - Brooks Jefferson.mp3
651,What's Your Mama's Name Child - Tanya Tucker.mp3
652,When Someone Stops Loving You - Little Big Town.mp3
653,When You Say Nothing at All - Keith Whitley.mp3
654,Where Were You  (When the World Stopped Turning) - Alan Jackson.mp3
655,Whiskey Lullaby ft. Alison Krauss - Brad Paisley.mp3
656,Whiskey River - Willie Nelson.mp3
657,Whispering Pines - Johnny Horton.mp3
658,White Lightning - George Jones.mp3
659,Who's Gonna Feed Them Hogs - Tom T. Hall.mp3
660,Who's Gonna Fill Their Shoes - George Jones.mp3
661,Why Baby Why - George Jones feat. Ricky Skaggs.mp3
662,Why Baby Why - Red Sovine.mp3
663,Why Baby Why - Webb Pierce.mp3
664,Why Don't You Love Me - Hank Williams.mp3
665,Why Me (Lord) - Jack Greene.mp3
666,Why Me - Kris Kristofferson.mp3
667,Why Should We Try Anymore - Hank Williams.mp3
668,Wichita Lineman - Glen Campbell.mp3
669,Wildwood Flower - June Carter Cash.mp3
670,Will The Circle Be Unbroken - Nitty Gritty Dirt Band.mp3
671,"Willie, Waylon and Me - David Allan Coe.mp3"
672,Wine Me Up - Faron Young.mp3
673,Wings Of a Dove - Ferlin Husky.mp3
674,Wolverton Mountain - Claude King.mp3
675,Words By Heart - Billy Ray Cyrus.mp3
676,Workin' Man Blues - Merle Haggard.mp3
677,Write This Down - George Strait.mp3
678,Y'all Come Back Saloon - The Oak Ridge Boys.mp3
679,Years (Single Version) (Single Version) - Barbara Mandrell.mp3
680,You Ain't Woman Enough - Loretta Lynn.mp3
681,You Are My Sunshine - Gene Autry.mp3
682,You Ask Me To - Waylon Jennings.mp3
683,You Can't Be A Beacon (If Your Light Don't Shine) - Donna Fargo.mp3
684,You Can't Roller Skate In A Buffalo Herd - Roger Miller.mp3
685,You Cheatin' Heart - Patsy Cline.mp3
686,You Don't Know Me - Eddie Arnold.mp3
687,You Don't Know Me - Mickey Gilley.mp3
688,You Look So Good In Love - George Strait.mp3
689,You Never Even Called Me By My Name - David Allan Coe.mp3
690,You Win Again - Hank Williams.mp3
691,You'll Think Of Me - Keith Urban.mp3
692,You're My Best Friend - Don Williams.mp3
693,You're The One - The Oak Ridge Boys.mp3
694,You've Got to Stand for Something - Aaron Tippin.mp3
695,You've Never Been This Far Before - Conway Twitty.mp3
696,Young Love - Sonny James.mp3
697,Your Cheatin' Heart - Hank Williams.mp3
698,Your Good Girl's Gonna Go Bad - Tammy Wynette.mp3
699,Your Side Of The Bed - Little Big Town.mp3
700,Zucchero & Paul Young - Senza Una Donna.mp3
